filename, dent
2330_jpg.rf.ff573237d828feca3b0d7cef694321fa.jpg, 1
1003_JPEG.rf.fe6d8648660da15ecadd3872226f84ed.jpg, 1
2530_jpg.rf.ff45a9f8c7e9b0228acdbcda3d71fde2.jpg, 1
1186_jpg.rf.fe43142eb6b215bf805f9bd2b54c895b.jpg, 1
1020_jpeg.rf.6c913c50cced0bc302d75a4a924b87c4.jpg, 1
2437_jpg.rf.7890c89727721582d14374d0e3183c90.jpg, 1
1069_jpg.rf.6d5746b1d39c4829765c1eba016bcf7b.jpg, 1
1391_JPEG.rf.78b1abb687c35620006ce5851e850e77.jpg, 1
2395_jpg.rf.6e0b519e60c484e9231962100f3e5fea.jpg, 1
2065_jpg.rf.7011cbfcf6e22233ae1fa2e5e0dcf2fd.jpg, 1
2462_jpg.rf.6d94f27ea437f042e91ef4f12ae04558.jpg, 1
1008_jpeg.rf.78722370573d9183e910af426c520ad0.jpg, 1
2103_JPEG.rf.79a28162125f255826af6ca8aa9fe711.jpg, 1
2022_jpg.rf.74cfca5bd2160a277f989297647077f6.jpg, 1
2236_jpg.rf.774e5cad04d5294f17c072cd1e404777.jpg, 1
2473_jpg.rf.715626e22186623d458a887c7015aae1.jpg, 1
2450_jpg.rf.74df18e5111be829d525edbf8ce5b7b5.jpg, 1
2417_jpg.rf.74000cd947a3c67e8b929bbf544a05cd.jpg, 1
2385_jpg.rf.7a7dfb49b1b7fb3a519902069c6a4a6a.jpg, 1
1113_jpg.rf.730e7b9aaae6d25efe1d7b9e948dedd5.jpg, 1
1017_JPEG.rf.7313615a284e8c9ef1e7420ad5537a84.jpg, 1
2472_jpg.rf.799425d45c773b423c1363a4019013e1.jpg, 1
2406_jpg.rf.71f2d4f35f974f2c36983364efe7ad10.jpg, 1
2556_jpg.rf.74caacd4d478927d881ccc03eb5195e1.jpg, 1
1316_JPEG.rf.7cbfef1a33e506faf4f1c75fc931e51e.jpg, 1
2408_jpg.rf.77b81437b0043795cacf59411346a4f6.jpg, 1
1342_JPEG.rf.721138e10f6b7e7de6cdb0ef7595492a.jpg, 1
2291_JPEG.rf.7315b0428e5c9190ce451aad2231efa5.jpg, 1
2274_jpg.rf.75f06f629ddea8fc97c359070868aa16.jpg, 1
2362_jpeg.rf.7d01198d6f6be4cf7def43afa1f4f599.jpg, 1
1395_JPEG.rf.7d741629a58589efac141ceb6833fae4.jpg, 1
1204_jpg.rf.7d5275a4c0775ff6234ac503e52412b1.jpg, 1
1071_jpg.rf.83a0693b51e6ec58ff78c6c494a5dd70.jpg, 1
2323_jpg.rf.89b88e28ba98d408fcf791c47393b9db.jpg, 1
1002_JPEG.rf.7de5b396845c3cacb3f7ff1a1b2d3ccd.jpg, 1
2486_jpg.rf.7d39fa4f2d5c5099015d1512b9a55068.jpg, 1
2427_jpg.rf.7e928a1722260fcf2b3f3da20f084f9d.jpg, 1
1126_jpg.rf.7d61521f38c6c5a7863d3601e8bda795.jpg, 1
1042_jpg.rf.7ed8bfb8449f71f4e326799dd7c2dc77.jpg, 1
1331_JPEG.rf.814191367aac60d7590538b91accbcc5.jpg, 1
2461_jpg.rf.8ac8c165df43f289301ffaa75d30e402.jpg, 1
2158_jpg.rf.80267b960b1bfb6e127e377ed81744f3.jpg, 1
2367_jpg.rf.84456f5336ee9730555f23f84a2543d4.jpg, 1
2215_jpg.rf.7fbb5c04870181ed460128eaddb79c13.jpg, 1
2477_jpg.rf.7fa21631628537e6045130b77ba193f5.jpg, 1
1425_JPEG.rf.83e53f07f8aa6424b05c8d3df0de177f.jpg, 1
1411_JPEG.rf.7e7b4b5ebc073ca37ca06aebcb7d9703.jpg, 1
2479_png.rf.843c8c8fddd1602b3deb23461d3cf9fb.jpg, 1
1025_JPEG.rf.7e79e7b6cddfc590f76e8b25a323181d.jpg, 1
2267_jpg.rf.8864729e3cfa6356c7327218a6040787.jpg, 1
1080_jpg.rf.7fc8057bda17b99c153691d5a6208def.jpg, 1
1199_jpg.rf.7fe257ea0776720aa5726d48f6e96ab2.jpg, 1
1170_jpg.rf.8ae26a586183bfbe5c22f5155248354d.jpg, 1
1307_JPEG.rf.88f4c2d41edb2e3b44a06c8c0ffe3e8a.jpg, 1
2371_jpg.rf.86ee3167ea138d2b946ce6b6a60c8bf7.jpg, 1
2443_jpg.rf.8b65ec926b7f5172f3757dc32934d1a4.jpg, 1
1348_JPEG.rf.8ca8eefb19392b4716a34f876dc396ab.jpg, 1
2271_jpg.rf.917c1276246e7e11606d7f9922a8b433.jpg, 1
2399_jpg.rf.94368f6e543b8e5a80f61183956a0646.jpg, 1
1053_jpg.rf.928f96ec5983492eb62c16a5631742af.jpg, 1
1313_JPEG.rf.92284b2b11682110e2c914f220467d70.jpg, 1
1364_JPEG.rf.928dab1cc55ab3ada8a91aaac22adb67.jpg, 1
2329_jpg.rf.900b1b532b8176dff1c2978baec0d966.jpg, 1
1357_JPEG.rf.9244a730f9183afa8ff4ffaabb604d24.jpg, 1
2471_jpg.rf.91033d80cf0e88fb49067acb4d68c3f6.jpg, 1
2541_jpg.rf.9d154bc557b879896b2aab1e46f75854.jpg, 1
2164_jpg.rf.8fa8d76332335e34b970e27af3863e2c.jpg, 1
1319_JPEG.rf.93de0fe2518ffe6ca384d3aae629a53c.jpg, 1
2091_jpg.rf.9b342bdcd7da82afd275cdd6dfee95c1.jpg, 1
2172_jpg.rf.93a00b65ba450cac311863cfc907de9f.jpg, 1
1293_JPEG.rf.92321b7a1003ef25073725d1c5b7f342.jpg, 1
2422_jpg.rf.8d1c58166b23f9abe63547056082b82e.jpg, 1
1026_JPEG.rf.94603da186050b225eea4cf3a630c2cb.jpg, 1
2174_jpg.rf.99b43505c70a2072312e28f7dbe5f7e1.jpg, 1
2544_jpg.rf.9a414c7b5780b93aae6f5f5a85e149c0.jpg, 1
2412_jpg.rf.972df9d8fbed4cb047c2a87bab156c19.jpg, 1
2487_jpg.rf.9e2fa7a9cbf5ad26091fc60f019e401b.jpg, 1
1380_JPEG.rf.8ea8820586de6db5458c2102ff213b65.jpg, 1
1248_jpg.rf.94846fe6497b4470de719db6be5e6092.jpg, 1
1214_jpg.rf.a1182bb85a9415eb8e0c6f11fcde67d2.jpg, 1
1301_JPEG.rf.9fe27b2e35c6a0d57807ee025a029dfd.jpg, 1
1332_JPEG.rf.9f755283d490d582b3d5e8cac52f6310.jpg, 1
1375_JPEG.rf.a18e37af672b140570d69ea10774062f.jpg, 1
1333_JPEG.rf.a1c141c5ae41d55e3e7c777dc1bb30d7.jpg, 1
2364_jpg.rf.a3f1c243227938f441d9d1080daed662.jpg, 1
2029_jpg.rf.92ffcb5cf90143aa403544d5f524180c.jpg, 1
2249_jpg.rf.a65f3d5e79cd98834aac02b39dcf103d.jpg, 1
2378_jpg.rf.9d576a1f1a49078d73deb9251964a3a2.jpg, 1
2537_jpg.rf.a840bd6bee1df55072a759fb40b9e47a.jpg, 1
2299_jpg.rf.a37ec905a3e3e17f97bc571f21d997d9.jpg, 1
2433_jpg.rf.a4fb5f424586d877ca01783b2b521fcb.jpg, 1
2144_jpg.rf.a4349d060c79cd1945a6e277cba77be0.jpg, 1
1061_jpg.rf.9fb68d2d5ccba48bffbbdd2d2697eb89.jpg, 1
2210_JPEG.rf.a2dc7873d51cd19162a8e9ffd4ba15d6.jpg, 1
2098_jpg.rf.93517c8667d9ca5d58f7d2bbc5e2ddc0.jpg, 1
1072_jpg.rf.a67738a5a559ac6d487ac3782d1d4c9e.jpg, 1
1356_JPEG.rf.a5adfe2d6d691c8ed771c449d4711d00.jpg, 1
2490_jpg.rf.a3f51c8ca5a287a44a7995cedbf2e3cf.jpg, 1
1415_JPEG.rf.ab96de3d855342f79934b5c228f9f7cf.jpg, 1
2447_jpg.rf.a87a42c7abbe8c0dc6af8eba19f2646f.jpg, 1
2016_JPEG.rf.a67a64b819608856aebd57842750fe41.jpg, 1
2316_jpg.rf.ab188a57270fe467ab37dbc21befec4d.jpg, 1
1166_jpg.rf.aba24905c9a937c536ad8ba0e8cc84ba.jpg, 1
1233_jpg.rf.ad438e7bc6f522b09c92a31a668c6e83.jpg, 1
2436_png.rf.ac3c21c5276098ebb1147799af2fbf14.jpg, 1
2454_jpg.rf.adb675a0e6e9b591510db01ab0752c3f.jpg, 1
2290_JPEG.rf.abe9fc2d145e029d6836b0210ed46368.jpg, 1
2066_JPEG.rf.a484d824021646ac19a2897fd492f69a.jpg, 1
2394_jpg.rf.aead2bc25f3dae4b13894cf79aeef0d9.jpg, 1
2428_jpg.rf.af3fccde2f760c42737ea00fc0ae4510.jpg, 1
2090_jpg.rf.afcf98f4fc06bba090a1b5c76687025c.jpg, 1
2262_jpg.rf.aebce8cac779bd54752378c24282e47e.jpg, 1
2313_jpg.rf.aededfcf97c0ae33a2e2d94a06c08853.jpg, 1
2025_JPEG.rf.b15bd46f04abbeffb3fe280aaf288591.jpg, 1
1029_JPEG.rf.b1e392470f81b47e3267b231fc099141.jpg, 1
1402_JPEG.rf.b1c10283e917014115865a0dde6b8d04.jpg, 1
1160_jpg.rf.ac917e35c0f0a6d80bfbe2280e02851a.jpg, 1
2508_jpg.rf.afd73e0cc9ed9b7cf1cff72fe9a618c3.jpg, 1
2063_jpeg.rf.b1b75bf0e42e31de79c0555ee6ffcbad.jpg, 1
2389_jpg.rf.b3daca1e0241f6c6b880b5fcf9b54af5.jpg, 1
2056_JPEG.rf.b2df481cf0aebabf6beebbea5cd92af4.jpg, 1
1360_JPEG.rf.b27af385b7821a5b9f4d46cdbd384a42.jpg, 1
2370_jpg.rf.b1e8226e572c2c8aced19ddf4f72cf41.jpg, 1
2078_jpg.rf.b228fc00e55dfcc50a966d8f23a4525e.jpg, 1
2042_jpg.rf.b6690de8b9a3fef9178af7e428d390c1.jpg, 1
1098_jpg.rf.b645dd74dce401c349fe11c0680c6c44.jpg, 1
1224_jpg.rf.b85bc433b4d6ac458733201bf2c2b837.jpg, 1
2495_jpg.rf.b90e70025a236c73580830c864e526ce.jpg, 1
2326_jpg.rf.b4ac2b536f2a7f4ef0c1cebffaab0db9.jpg, 1
1142_jpg.rf.b3609ea153aacdb00be0b1a141367c9f.jpg, 1
1073_jpg.rf.b7417d8ddb2b83247ef64327d1a4a342.jpg, 1
2315_jpg.rf.b973019c299814c3678c3c4262d0b04d.jpg, 1
1408_JPEG.rf.b323caf26e2a46ef4060cf15b254ab0f.jpg, 1
1212_jpg.rf.bac85cc31a19a7c4568ade50cd2123a1.jpg, 1
1162_jpg.rf.bac420ec8bdd1856ce9f9802a641833a.jpg, 1
1023_jpeg.rf.b4dec0745fa50a6f1fee5f3a61636025.jpg, 1
1235_jpg.rf.b4834bf3accdf86905ea5e72fd7a4698.jpg, 1
2044_JPEG.rf.bb5dccba196ccd882b2cd5e1ca0bd758.jpg, 1
1213_jpg.rf.b9196c0d6f29bdc1140bfbd350864cd7.jpg, 1
2300_jpg.rf.baf47f9184d840122aaa730faf655a78.jpg, 1
1022_jpeg.rf.a3cb497837a8ae57752b937221b70670.jpg, 1
2402_jpg.rf.bd2bf21777fd3b2a02f0fa225ff5c158.jpg, 1
1173_jpg.rf.b985f9f6f3d682c3974a32c7d2fad22e.jpg, 1
2449_jpg.rf.bc0cb9cff85170c09f930486ac03d05b.jpg, 1
1365_JPEG.rf.b7926618909385d1ed4b0a83596e76a5.jpg, 1
1198_jpg.rf.ba9eb8e20255df27f97de121f65c3810.jpg, 1
2128_jpg.rf.bf22d60cfe31e51b91d1daf46b389892.jpg, 1
1265_jpg.rf.bea4039b3c46d53d16716c104ca8dd30.jpg, 1
1304_JPEG.rf.c26ee3f2ca999225c1de0eba72cee125.jpg, 1
2018_JPEG.rf.bc41aa91d98ffa49f6629fdf5014569d.jpg, 1
1177_jpg.rf.baf4d3efe47d5a44bd5b279b0b2bed39.jpg, 1
1382_jpeg.rf.c21cdcd3fb09bcfcca7f8ee5fe0f5731.jpg, 1
2253_jpg.rf.c04a3b07b9309dfb1afaad0c250d9aa0.jpg, 1
2046_JPEG.rf.c117a68fa616679cebbe5b665ebc556e.jpg, 1
2296_jpg.rf.c52b3fe49758edcf7ff71d7708e71977.jpg, 1
2266_jpg.rf.c4c2a0d93f2cf118c96c737f7f4e8f56.jpg, 1
2079_JPEG.rf.c4eb615d9fd825ce471cdf016fea09b9.jpg, 1
2337_jpg.rf.c3fe4f0251ef3e518c3719a12b804453.jpg, 1
1046_jpg.rf.c7771020a6689828a071c569dac93faa.jpg, 1
1019_jpeg.rf.c64a8692cd2ebf744a2fcea74472364b.jpg, 1
1207_jpg.rf.c81461a2c9b3579b96396c8b9622c26a.jpg, 1
1355_JPEG.rf.c58b0feaa9007e9dce7816bd54f54153.jpg, 1
2368_jpg.rf.c8a7aecee719dcecce3583fd1feb537b.jpg, 1
2087_jpeg.rf.c7cd77e12eda9f40152aef95ed147540.jpg, 1
2003_JPEG.rf.c6c36b28312d4c4dc9581bba42ed92f3.jpg, 1
2474_jpg.rf.c917a0ac82a0c2f4fccbde8c97fb8905.jpg, 1
1266_jpg.rf.c032a16456e2c0f5a92c2520040e4972.jpg, 1
1196_jpg.rf.c5e27e465579369665a57acc80f72f45.jpg, 1
2026_jpg.rf.bb5c5df1537f8da11bbb144bba2682d3.jpg, 1
1284_jpg.rf.cb953519ae9fc4d0fcaca82a3e896c0b.jpg, 1
1102_jpg.rf.c992922b4ce1dd752a40f690f9fb63f4.jpg, 1
2285_JPEG.rf.c9c9a2312be9aa985ab6daff252eb7f1.jpg, 1
2011_jpg.rf.c5ad0f51b66fdd9233acaec8a90879e9.jpg, 1
2341_jpeg.rf.cf37243994f68cf5f0e0f30dc0475632.jpg, 1
1068_jpg.rf.c6d9401616a26a576c98371be2ff0fb5.jpg, 1
1014_JPEG.rf.ca7eddabc2ae348f880ed4d2a2bbc3ee.jpg, 1
1330_JPEG.rf.ca3fdca61a53476f4a8038cba6ebd221.jpg, 1
1136_jpg.rf.cd6b7d9cd23b0d44cc9aa0f0448cc64a.jpg, 1
2481_jpg.rf.d392206af949f77f8db7588cbf773dae.jpg, 1
1067_jpg.rf.c8a734e5237b8d8162d19fd9192e54de.jpg, 1
1009_JPEG.rf.d2a698af0f24dde0d028dcd9b7e16c59.jpg, 1
2492_png.rf.cf8a4e37cc22fd0a3e84768e7f878bc0.jpg, 1
2314_jpg.rf.d233ee7a4a748da1598b0471b717fb3f.jpg, 1
2393_jpg.rf.d7f07c517a14698f2361a0c202a93c63.jpg, 1
1416_JPEG.rf.d37e4190c600e5956c75c21a63943cef.jpg, 1
2047_jpg.rf.d6ceeb13fb6de71d4124bbd5e5c33046.jpg, 1
1280_jpg.rf.d527c959eeffd3318b54140d87ead95d.jpg, 1
2241_jpg.rf.d80256f3c3d7f4e4e5229fa37da8bfe8.jpg, 1
1116_jpg.rf.d748633d66c16417045deebff5086500.jpg, 1
1241_jpg.rf.d8b44b87072289cb90c0940a5b4d37e0.jpg, 1
1318_JPEG.rf.d8357ca81b032b4ca2dd6ed4c4156a96.jpg, 1
2516_jpg.rf.d98d8e5c8597461c07bfd847c1a3db1d.jpg, 1
2033_jpg.rf.da050c03688be82cbc4c828fc52253f0.jpg, 1
2512_png.rf.dcab7fdc4fcced228b019f5d736d8f9f.jpg, 1
2419_jpg.rf.de52c662ec0e211e3cf64a40caf77f59.jpg, 1
1007_JPEG.rf.dcb09d8ef46522fdfdfd2b743eeef61f.jpg, 1
1317_jpeg.rf.df47a3f30cccbf7fcb507395a9b6ea67.jpg, 1
1312_JPEG.rf.dc6e79f5958c48175989688c23650230.jpg, 1
1118_jpg.rf.de5343eef61a0e5c896151e6815d807d.jpg, 1
2346_jpg.rf.d8cd6784d77fe43a821b57f4d827f3fe.jpg, 1
2238_jpg.rf.dde5d9ca295627eb57ec207b840c1373.jpg, 1
1292_JPEG.rf.dad33f3dc4c3eebd395bc141121008e5.jpg, 1
2327_jpg.rf.d7c4735509b8ce92208e5a0f46122e1b.jpg, 1
2484_jpg.rf.dab58eeeb38f69b9aa75c45eb86f5b03.jpg, 1
2255_jpg.rf.d961ea821ef1728752cd0d8a08ce074f.jpg, 1
1139_jpg.rf.d9cf289b2b680bf6e3282d7322233bb6.jpg, 1
1271_jpg.rf.df04ed67e48dc8f80ad9e11bba5a6ae5.jpg, 1
1276_jpg.rf.dfea1b35cf97bf3aa614ff282146cf9a.jpg, 1
2301_jpg.rf.e389586d5bc39c92814425f43236e53f.jpg, 1
2252_jpg.rf.e4b803925cc390398168de0fffccbb20.jpg, 1
2006_jpg.rf.e6725932a61da2a7fdbff2820d4b8ce9.jpg, 1
2064_jpg.rf.e525ae73f682d878162424666ec363f0.jpg, 1
2053_JPEG.rf.e04611c1156d3ca91bfc6af0f52dd6ad.jpg, 1
2510_jpg.rf.e2b07bde9f81f0c3fa09be828c726d82.jpg, 1
2007_JPEG.rf.e66f750730b572b8517a7e673a8c5ab2.jpg, 1
2542_jpeg.rf.eb21cdf44fe7dc3eb911d10ecd856509.jpg, 1
2415_jpg.rf.e8a969d50b1cbda88cdfc39df574a309.jpg, 1
2424_jpg.rf.e0c5492443e495a6b1be6ce0768bc9e0.jpg, 1
2528_jpg.rf.e8941dd6a81f174ea14f2dea3015a581.jpg, 1
2294_jpg.rf.e942f01320de6dcd53154234e9dedfa3.jpg, 1
2383_jpg.rf.eb156c2fa47bb9e77742c84a5e698f5e.jpg, 1
1218_jpg.rf.ecae3358ad702175ac93b623014e9eef.jpg, 1
1239_jpg.rf.eb50e93e56342b2bd9d2e2df49aa81e2.jpg, 1
2351_jpg.rf.e590fbc4664372885f10612a62c9035c.jpg, 1
2446_jpg.rf.f028ab61b81655937dc3fe1674705f56.jpg, 1
2361_jpg.rf.eb73690ffe6c0437a358d974ad21cfb4.jpg, 1
2372_png.rf.f0783c925f4d059a78be8c487d342626.jpg, 1
2280_jpg.rf.e7f1f196a04ce68d7815dd5e1a6c4291.jpg, 1
1043_jpg.rf.e76ef5231d96860cf545771faddd73b3.jpg, 1
2074_jpg.rf.f106bd2ed6f25d1e31ca1ee59bd81214.jpg, 1
1358_JPEG.rf.edbf38d9ddd0c094e378e566ecefd6ba.jpg, 1
1272_jpg.rf.f3723d42d7b0da049836a75cfaddfec8.jpg, 1
1151_jpg.rf.c7985a174e077126fcf879fb6e9048a9.jpg, 1
2464_jpg.rf.f3c0b4f64d9b281690a02f8ce883d636.jpg, 1
2332_jpg.rf.f5c1383aad31fb9a446effccedb8a61c.jpg, 1
2282_JPEG.rf.ec8f1db70aa3958fd7a32bb15a69bc21.jpg, 1
1103_jpg.rf.f5a724808271232acf19456bf361259d.jpg, 1
2014_JPEG.rf.f3418189374f78039039e2c5c869e87a.jpg, 1
1277_jpg.rf.f8680e31e77c036c7646bc17d22bbdf5.jpg, 1
1131_jpg.rf.f3efc58f2ff3ee14dcd45b38a9aa86a2.jpg, 1
2532_jpg.rf.f585c23d6567cd602849a556999e4d37.jpg, 1
2227_jpg.rf.edcf5464df43bab8a5be8b538c144df9.jpg, 1
2318_jpg.rf.f818bf86b834d00dea6528a7250e0e81.jpg, 1
1291_JPEG.rf.f8a79946a63e2b90d9d55e2ad4a4c3d0.jpg, 1
2357_jpg.rf.fc6247cdb901372984f97e42ffbf71bd.jpg, 1
2289_JPEG.rf.f54f7d06ddd99c09e91ae1b6c2c3b887.jpg, 1
1130_jpg.rf.fd1ca56bea64d1a7451544f484f674cb.jpg, 1
2421_jpg.rf.f665e32c1c20e3516365f2187a54bf14.jpg, 1
1243_jpg.rf.fb6ce27dc0059b6ccded297be32e18a5.jpg, 1
1323_jpeg.rf.fd6726227370b690e9cfeefd35d82835.jpg, 1
1133_jpg.rf.fb5dab251635feca8ce4797960734d4b.jpg, 1
2522_jpg.rf.fd7798ba3d888ae203cb8a0b5f613dc5.jpg, 1
1419_JPEG.rf.fbf4bd4c43db7cfd2abcbb899e47bb23.jpg, 1
2110_jpg.rf.fd72ee3017825c1ffbea10cb2dd64e27.jpg, 1
1288_JPEG.rf.03ec08d22f5bc6fde7d24ca21d8723df.jpg, 1
2057_jpg.rf.00a2a99e3e7874a05d328c014f6d356e.jpg, 1
1231_jpg.rf.0000da54de452a5665a51a36453cbe08.jpg, 1
2130_jpg.rf.085d215cb7e6bf528366bea6479925ab.jpg, 1
2240_jpg.rf.0b5f6cb886e9c34c56e80b0e4772e7a8.jpg, 1
1352_JPEG.rf.09aee1c32c9329e797c9438f05d59cea.jpg, 1
1189_jpg.rf.093e4342713db1a66dc7f80f6a3f9c0c.jpg, 1
2093_jpg.rf.011e3bcb1221c5598b1d63bded2b264b.jpg, 1
1302_JPEG.rf.0bb104918a2ba3898a57bd9675219c7f.jpg, 1
1187_jpg.rf.09bd0309f2b8c68cf3bd3d3acae9b1f0.jpg, 1
1270_jpg.rf.02d00d7174e6101ffd82564a9e652674.jpg, 1
2303_jpg.rf.049f9a863eb5b4cff27f315710801a7b.jpg, 1
2376_png.rf.04bbddd468616fc38255a6c803d1d69b.jpg, 1
2379_jpg.rf.00bc40c5649ec9534eded0e1ba976822.jpg, 1
2355_jpg.rf.0c0ce400dcfb00d0bc2c8bf8cbeb0020.jpg, 1
1176_jpg.rf.054919d6414357c2c1898a6156054af1.jpg, 1
1322_JPEG.rf.0e10be89244cf43f5b5d540a3202449a.jpg, 1
2386_png.rf.0decd9f2541e0b52345e6d9e4c67c5e5.jpg, 1
2342_jpg.rf.0c07e71072dc2cf8d912305cc1bf11bd.jpg, 1
1423_JPEG.rf.0ead087dd7e94c1b304b602971f58534.jpg, 1
2431_jpg.rf.0e36b26f2d5bb0f01806cb39753f40ec.jpg, 1
1268_jpg.rf.0c54a1c980335a8dae280dd2aca8e214.jpg, 1
2277_jpg.rf.0e57822e6e0c7fe5670cd306ef690467.jpg, 1
1340_JPEG.rf.0f2462acad15b168401de0b7c3ef2a08.jpg, 1
2397_jpg.rf.0db0cc967d72ca2e2465e57cc4cd6360.jpg, 1
2509_jpg.rf.0b52bcd9b93f309807977d2c632b09d1.jpg, 1
1219_jpg.rf.1433e44915e05b511e6f685f0ae1796d.jpg, 1
1387_JPEG.rf.1162ed66c6cc9e71306b5536438f1426.jpg, 1
2387_jpg.rf.17c32aac9fb12810c77e80455740c64c.jpg, 1
1112_jpg.rf.1762e3493465c1f207fbac2f49326c49.jpg, 1
2382_jpg.rf.15ad98b53f4a110a0488fa58d277ff24.jpg, 1
1175_jpg.rf.101017c7f7dc935ebfba8cedb0e71148.jpg, 1
1200_jpg.rf.1539894f936cf5594f77a0ec47eb11e4.jpg, 1
2435_jpg.rf.13534c0ed8e02cd183f5f6202ec919a2.jpg, 1
2347_jpg.rf.14ded00270a3482a43aab332fda91a43.jpg, 1
1081_jpg.rf.18761abfe62e90f3d88d19365570caa6.jpg, 1
2034_JPEG.rf.124c6e5a9997fe1164e85092788efcff.jpg, 1
1254_jpg.rf.17fe8067c802aa8acf60bec18e904912.jpg, 1
2420_jpg.rf.17d4346f27532804c159a3b5794732f6.jpg, 1
2024_jpg.rf.1c412ea77e147fb36226300d57252d2d.jpg, 1
2288_JPEG.rf.131fbe2244444b900096aca5e2a7508a.jpg, 1
1328_JPEG.rf.1a65e9298d9f44672aa9ec377f4948da.jpg, 1
2020_jpg.rf.1b85bf427b90f43cc5ccbbe505b3e4b9.jpg, 1
1421_jpeg.rf.1a50362205d23bc29120e9bd984a6882.jpg, 1
1150_jpg.rf.133be4d12c4522cf79703cc1a2a6ffb2.jpg, 1
2396_jpg.rf.1a523457505f02555d31db78873d306c.jpg, 1
2005_JPEG.rf.19b899a3f4b9bb9b6489d8075739b6c3.jpg, 1
1190_jpg.rf.18486e30c39c6138ae6a06441c7d88f1.jpg, 1
2455_jpg.rf.0f8475a7d76e8470ef18da37e317c2d8.jpg, 1
1346_JPEG.rf.18c95bf695cad492491139a6a3e8383f.jpg, 1
2489_jpg.rf.1fa3e216e38752f2fa93f28c56cf51cd.jpg, 1
2521_png.rf.20fae08b66b984e08bb2640c8c476f7c.jpg, 1
2480_jpg.rf.1e2303d8387a901dc5fabd113c78ea38.jpg, 1
1001_JPEG.rf.1e5943084d698abe115fc4e9eb114ff4.jpg, 1
2049_JPEG.rf.1eeddf4cc22bfbd7ac72bfb3f22c2ff6.jpg, 1
1385_JPEG.rf.19918140e641ad4592a25c25591c1f41.jpg, 1
1123_jpg.rf.21cb6f559e41985e61c51a0cfa0fa562.jpg, 1
1024_JPEG.rf.21d919c3c4d3e56e95c522aa507a8d3b.jpg, 1
1106_jpg.rf.1fed03e79c21fd1555915edb846db6f2.jpg, 1
1230_jpg.rf.1d8c19fb7f92b2e71e7dbe72f5b9fe2d.jpg, 1
1264_jpg.rf.2192022363b23d18b8bdb84fb2baa0c6.jpg, 1
2297_jpg.rf.201110af7380e769680ffc1bac4699bc.jpg, 1
2226_JPEG.rf.222792b2bcb68303bbca84c00483881b.jpg, 1
1308_JPEG.rf.22ba425450dd9daf90ca688841e38edf.jpg, 1
1386_jpeg.rf.21f2697a82fe63bb4944fbdde1d31ad6.jpg, 1
1101_jpg.rf.23804c1016a5197f4530fc6a6e249e0d.jpg, 1
2239_jpg.rf.23da43b35063da84dc81e43fdd7e9032.jpg, 1
1161_jpg.rf.21f5f13cc23e438b56455d11267466e8.jpg, 1
1193_jpg.rf.282ea8708d40bcbbb374690ec80dc68c.jpg, 1
1141_jpg.rf.24a2be452fe273f56c221bcce5bcc2f8.jpg, 1
1397_JPEG.rf.260a4f6f00e9c0b89ad2343a98a63efc.jpg, 1
1384_jpeg.rf.244e04eb50659423a40ab67d21f25c2b.jpg, 1
2328_jpg.rf.25b33d6b3c55da94686e52752bee734d.jpg, 1
2401_jpg.rf.287bd673d491b95cbd3668be8e2dfc22.jpg, 1
2392_jpg.rf.29542b977b718230deb6cc9604a19afb.jpg, 1
1400_JPEG.rf.2bdba4aa05c7aca75bd3ada361aa9bc4.jpg, 1
2525_jpg.rf.29e62e3aae1f52426c2045d4fbb70ab7.jpg, 1
2457_jpg.rf.2bf5ac949816af322d7ebf1746bcca81.jpg, 1
1163_jpg.rf.2753c8568cef55d1261e16b4d94f85ca.jpg, 1
2247_jpg.rf.272ac8cb3611c4020c8d74c8f960f986.jpg, 1
2388_png.rf.2710c249c072a82746dca71dd2c7fe3a.jpg, 1
1054_jpg.rf.2e2c9941c25081b1331bbeb1aa7ee1c4.jpg, 1
2488_jpg.rf.2daaf67f56a8e1c4a27a3ea244b2515d.jpg, 1
1128_jpg.rf.28c2991e09d3f8124c7ded9f5a4c4efc.jpg, 1
1156_jpg.rf.2fc124fcbac79d7775c45281a86d3061.jpg, 1
1181_jpg.rf.26827f255541de9f6d02e822a59432fe.jpg, 1
2279_jpg.rf.3004d670d7acd6f284bf013c8486d84b.jpg, 1
1018_JPEG.rf.2fcf68acfe5af29e2fb40a239a907a7c.jpg, 1
2507_jpg.rf.3049e3cb0f446ac984d522dc56961dc2.jpg, 1
1037_jpg.rf.302caf8a8010c24bdb1b636c3c9fbadf.jpg, 1
2061_jpeg.rf.3095cabee513fe428cb7ffd873db1969.jpg, 1
2426_jpg.rf.2d446c3a0fc53f8841891357763dd8f0.jpg, 1
1180_jpg.rf.31cb8217f3d1d01426f0086362401edb.jpg, 1
1394_JPEG.rf.316caf8d7fee73e942567d852761dcbf.jpg, 1
2021_JPEG.rf.32871a1e017fc76788e2b117a64c577b.jpg, 1
1097_jpg.rf.3574c68d55e05b2826515037da82f845.jpg, 1
1341_JPEG.rf.311e50d5d418c13036aa3e26713ed6bd.jpg, 1
2067_jpg.rf.31fe59b2b3fb365938b7e7494d20ff0d.jpg, 1
2229_jpg.rf.382e7ca7e577f532e6bf7c6f88905d7c.jpg, 1
1011_JPEG.rf.33530a4eacc0733b9bddcae68d9bcc7c.jpg, 1
2035_jpg.rf.38a0286b30d7f79f044cbf01756a505b.jpg, 1
2405_jpg.rf.339fe8d6a78c4dff4ee61851c5d17730.jpg, 1
1079_jpg.rf.398fd545a9d9f4a22621e742d671b950.jpg, 1
2292_JPEG.rf.35ff3079b16004dd5cf7c292d932ce1e.jpg, 1
2356_jpg.rf.39ce4f392491de85dc21eda4f3df3d52.jpg, 1
2284_JPEG.rf.36564e8247af44fa7f966e4d2d9ffbd4.jpg, 1
1031_jpg.rf.32122a67a86deca31ce9bbc14f6b9a30.jpg, 1
2108_jpg.rf.38704563540ec186f3b21431cf91ac0e.jpg, 1
2023_JPEG.rf.3d4c15ede261dc315ba23754bdf7e123.jpg, 1
2504_jpeg.rf.3cb514d258ca686c78dbbd93d6b995c0.jpg, 1
2214_JPEG.rf.3da00571d48197ab6aae51d3c818c484.jpg, 1
1389_JPEG.rf.3ba738ecd7df97d5dbe0b6204bd741ee.jpg, 1
2146_jpg.rf.3d12e95ddb31d9ec68cf635e55955fed.jpg, 1
1076_jpg.rf.3a5b12c8f694409b9f7274ac9f275b9d.jpg, 1
2077_jpg.rf.32b1f08c42e8101f0f9cc82c31cac617.jpg, 1
2276_jpg.rf.42e878f8aed594dcca27315f5439e262.jpg, 1
2517_jpg.rf.4394491c5a8e61a4f83c6daf2365a0d4.jpg, 1
1137_jpg.rf.43d58b059518225689c3ce55e07018a8.jpg, 1
2460_jpg.rf.437694dae4842926a14eae4117de249d.jpg, 1
1350_JPEG.rf.430d1207e2ff5e1e547b34474b818443.jpg, 1
1045_jpg.rf.3fe3ebeeebf3443bb5444bf719e31b9d.jpg, 1
1336_JPEG.rf.328311365b33dcf42b33c75df6d4cff4.jpg, 1
2547_jpg.rf.44d5f5f4ee61164353622a77ef6793fa.jpg, 1
2558_jpeg.rf.43f433652fc8ababb0f31a1ca34b8a61.jpg, 1
2534_jpg.rf.4678be700c6c78d5ed85b7849519cff1.jpg, 1
2493_jpeg.rf.3fae0b5e4531fe49a63d346fcfb0ab6a.jpg, 1
2051_JPEG.rf.45c4a753f15bc287d477dc2a4bb7ba56.jpg, 1
2134_jpg.rf.46b83ec1b0c66942765b587ed5373e12.jpg, 1
1027_JPEG.rf.3af24b25900a519c9f0a8e4bd844e1cd.jpg, 1
2302_jpg.rf.4445648ddeb08de259e7edc44dab91fd.jpg, 1
1372_JPEG.rf.46d68123fc392e9db96674a969b9e518.jpg, 1
2015_jpg.rf.46edec84f755e8c29094705acca067c5.jpg, 1
1035_jpg.rf.462747027d0f26b3da39e98a830f8333.jpg, 1
2269_jpg.rf.4948dfaefe2d91ec1bcb151a92e116e4.jpg, 1
1197_jpg.rf.4abdf0f07a86c921e5470e3edd3afa68.jpg, 1
1152_jpg.rf.481d2c55c1105bf848b89caccd1f7295.jpg, 1
2317_jpg.rf.48c762d2acea8239d33820ccd0e18e15.jpg, 1
2459_jpg.rf.4b589d3e5c33866aa013cc4bfeb8013b.jpg, 1
2451_png.rf.2f25dd2253c9a673cb2515cfb0a0b7e5.jpg, 1
2463_jpg.rf.48ba35466eba45d16a1be41365b07f01.jpg, 1
2545_jpg.rf.4cfd131e61959701c69202dd7cda63f4.jpg, 1
2498_jpg.rf.4c84235b3ab1edc956918fe35ddcee4c.jpg, 1
2381_jpg.rf.4b0af746c985eecc633a2e5515027432.jpg, 1
2050_jpg.rf.4c7cbfe6dbc43f4770c7fd1ea3815468.jpg, 1
2251_jpg.rf.48c33e2d5b91fa97fd38bb6902ca2bf5.jpg, 1
2453_jpg.rf.4e45694189c86cd8d86c914f758517d6.jpg, 1
2358_jpg.rf.5227ba1437e8d64b98f7a50c3c96f382.jpg, 1
1146_jpg.rf.5b06b70f6a9d9554c27310d6e47d53bc.jpg, 1
2339_jpg.rf.577ab50d00250797d73928908e25a9de.jpg, 1
2467_jpg.rf.59f175a103914734cb523b7529f5a37e.jpg, 1
2411_jpg.rf.4dfc69fc90aef4dfab6923bd5096366d.jpg, 1
2272_jpg.rf.5888e14409537bfad4ea44a875f2679f.jpg, 1
2120_jpg.rf.51babcbd1f6ec631f4526f46b1938afd.jpg, 1
1059_jpg.rf.51cc04bc7042c8c8afd6b8dff8727148.jpg, 1
1404_JPEG.rf.575d8f17a16f07c3028a143996dc990e.jpg, 1
1370_JPEG.rf.53585c81fdcf989e1a51c451acea5292.jpg, 1
1040_jpg.rf.5171acb0ab834935d0f151d1232e04cb.jpg, 1
2115_JPEG.rf.5ba6286e8caea3308745a6d09beff3fb.jpg, 1
2298_jpg.rf.5b265e6cf0b764bc0d65b1bae94c37fb.jpg, 1
1281_jpg.rf.52649628e9f822745e2c4840563aba3d.jpg, 1
1122_jpg.rf.57f27865a39c16a5706b56cb442683b3.jpg, 1
2359_jpg.rf.5c8fd7b7e90b181bcacc020f77ea5c59.jpg, 1
2246_jpg.rf.5b1385d5ae39d013c1575de680aca599.jpg, 1
1164_jpg.rf.55048c9693978faf47267c7d0982eb62.jpg, 1
2549_jpg.rf.5f8418675e4c6367934f855aa18c8cc3.jpg, 1
1216_jpg.rf.4b8cc439b71bc53c2fdf737688b5d6a9.jpg, 1
2533_jpg.rf.5f30143f4bd9bc381aff967cd4e42a14.jpg, 1
2243_jpg.rf.5e6fae51424d0a35292c2389c3d55304.jpg, 1
2524_jpg.rf.5fbb0e690059df3cbbecde277a52754b.jpg, 1
2500_jpg.rf.607bff7e05415d39fe85cd9fb506d246.jpg, 1
1205_jpg.rf.56560e6673d6e74f1e420140be401e10.jpg, 1
1237_jpg.rf.5d626361fa207e44958dda005e8a0f8d.jpg, 1
1232_jpg.rf.61c008794e1eed4f54359cb96b026fc9.jpg, 1
2465_png.rf.69b1da3c80228433faeeb0173636e07d.jpg, 1
2470_png.rf.5de594cf0e970a4bb69b595884556184.jpg, 1
1171_jpg.rf.62560356a7fab98ca9217554be1b4c52.jpg, 1
1334_JPEG.rf.61536ffa32eaef1a8070816413da723e.jpg, 1
1351_JPEG.rf.696f3761b0edc99ee6a9e33a7636d6a6.jpg, 1
2425_jpg.rf.672b8e93f0aad059db28a35e9a0c60d2.jpg, 1
2152_jpg.rf.626d6fce775af94982c0a72cd52b332b.jpg, 1
2041_jpg.rf.6b6cc69b114d8eb986400772db4470e3.jpg, 1
1282_jpg.rf.68cc452fb5fbff975bf22973e838cf4b.jpg, 1
2106_jpg.rf.6b0e59a453013445e1e1b904720abbdc.jpg, 1
2345_jpg.rf.601f839714d28119bc04d6c8c77cd9e1.jpg, 1